{"cameraMode":{"drawMode":0,"name":"Shaded","section":"Shading Mode"},"sceneLighting":true,"audioPlay":false,"sceneViewState":{"showFog":true,"showMaterialUpdate":false,"showSkybox":true,"showFlares":true,"showImageEffects":true,"showParticleSystems":true,"showVisualEffectGraphs":true,"m_FxEnabled":true},"in2DMode":false,"pivot":{"x":-0.13589739799499513,"y":0.5125853419303894,"z":-2.844433307647705},"rotation":{"x":0.00569112878292799,"y":0.6846773624420166,"z":-0.005349122453480959,"w":0.7288176417350769},"size":2.9320504665374758,"orthographic":false}